Requirement,Primary tables,Wireframe views,MVP
FR-AUTH-01,"users; profiles",WF-01,Yes
FR-AUTH-02,users,WF-01,Yes
FR-PROF-01,profiles,WF-10,Yes
FR-PROJ-01,"projects; project_members","WF-02; WF-03",Yes
FR-PROJ-02,"project_invitations; project_members","WF-02; WF-06",Yes
FR-PROJ-03,"project_members; activity_events",WF-06,Yes
FR-TASK-01,"tasks; activity_events","WF-03; WF-04; WF-05",Yes
FR-TASK-02,"task_assignees; project_members; notifications","WF-04; WF-05",Yes
FR-TASK-03,"tasks; activity_events","WF-04; WF-05",Yes
FR-COLL-01,"task_comments; activity_events; notifications",WF-05,Yes
FR-MEET-01,"meetings; activity_events; notifications","WF-03; WF-07",Yes
FR-MEET-02,"meeting_attendees; activity_events",WF-07,Yes
FR-CONTR-01,activity_events,"WF-03; WF-07; WF-08",Yes
FR-CONTR-02,"activity_events; tasks; task_comments; meeting_attendees","WF-08; WF-11",Yes
FR-NOTIF-01,"notifications; activity_events; task_assignees; project_members","WF-05; WF-07; WF-09",Yes
FR-SEARCH-01,"tasks; task_assignees",WF-04,No
FR-EXPORT-01,"export_jobs; activity_events","WF-08; WF-11",No
FR-SEC-01,"all project-scoped tables","WF-02 to WF-11",Yes
FR-MOD-01,"users; content_reports; site_audit_events","WF-05 report entry; /control/ delivered post-MVP view",No

